{
  "0": {
    "opacity": 1,
    "transparent": 1,
    "color": {
      "r": 0.30980393290519714,
      "g": 0.686274528503418,
      "b": 1
    },
    "roughness": 0.9983999999761581,
    "metalness": 0.6258896079413918
  }
}