{
  "0": {
    "opacity": 1,
    "transparent": 1,
    "color": {
      "r": 0.49803921580314636,
      "g": 1,
      "b": 0.9647058844566345
    },
    "roughness": 0.9983999999761581,
    "metalness": 0.73802108777173
  }
}