{
  "0": {
    "opacity": 1,
    "transparent": 1,
    "color": {
      "r": 0.18431372940540314,
      "g": 1,
      "b": 0.364705890417099
    },
    "roughness": 0.9983999999761581,
    "metalness": 0.5401346909226108
  }
}