{
  "0": {
    "opacity": 1,
    "transparent": 1,
    "color": {
      "r": 1,
      "g": 0.5921568870544434,
      "b": 0.7215686440467834
    },
    "roughness": 0.9983999999761581,
    "metalness": 0.683979364995305
  }
}